"","Tag","Location","VaccType","Dose"
"1","E6601","TE","",1
"2","E6602","TE","",1
"3","E6603","TE","",1
"4","E6604","TE","",1
"5","E6605","TE","",1
"6","E6606","TE","",1
"7","E6607","TE","",1
"8","E6608","TE","",1
"9","E6611","TE","",1
"10","E6613","TE","",1
"11","E6614","TE","",1
"12","E6615","TE","",1
"13","E6616","TE","",1
"14","E6617","TE","",1
"15","E6618","TE","",1
"16","E6619","TE","",1
"17","E6620","TE","",1
"18","E6621","TE","",1
"19","E6622","TE","",1
"20","E6623","TE","",1
"21","E6624","TE","",1
"22","E6625","TE","",1
"23","E6626","TE","",1
"24","E6627","TE","",1
"25","E6628","TE","",1
"26","E6629","TE","",1
"27","E6633","TE","",1
"28","E6634","TE","",1
"29","E6635","TE","",1
"30","E6636","TE","",1
"31","E6638","TE","",1
"32","E6642","TE","",1
"33","E6644","TE","",1
"34","E6645","TE","",1
"35","E6651","TE","",1
"36","E6654","TE","",1
"37","E6655","TE","",1
"38","E6656","TE","",1
"39","E6657","TE","",1
"40","E6660","TE","",1
"41","E6661","TE","",1
"42","E6662","TE","",1
"43","E6664","TE","",1
"44","E6665","TE","",1
"45","E6669","TE","",1
"46","E6671","TE","",1
"47","E6673","TE","",1
"48","E6674","TE","",1
"49","E6675","TE","",1
"50","E6844","TE","",1
"51","E6924","TE","",1
"52","E6953","TE","",1
"53","E6975","TE","",1
"54","E6986","TE","",1
"55","E7004","TE","",1
"56","E7026","TE","",1
"57","E7042","TE","",1
"58","E7058","TE","",1
"59","E7112","TE","",1
"60","E7126","TE","",1
"61","E7130","TE","",1
"62","E7165","TE","",1
"63","E7166","TE","",1
"64","E7167","TE","",1
"65","E7168","TE","",1
"66","E7169","TE","",1
"67","E7173","TE","",1
"68","E7174","TE","",1
"69","E7175","TE","",1
"70","E7176","TE","",1
"71","E7177","TE","",1
"72","E7178","TE","",1
"73","E7179","TE","",1
"74","E7180","TE","",1
"75","E7181","TE","",1
"76","E7182","TE","",1
"77","E7183","TE","",1
"78","E7185","TE","",1
"79","E7188","TE","",1
"80","E7189","TE","",1
"81","E7190","TE","",1
"82","E7191","TE","",1
"83","E7192","TE","",1
"84","E7206","TE","",1
"85","E7210","TE","",1
"86","E7211","TE","",1
"87","E7212","TE","",1
"88","E7213","TE","",1
"89","E7214","TE","",1
"90","E7215","TE","",1
"91","E7216","TE","",1
"92","E7218","TE","",1
"93","E7219","TE","",1
"94","E7225","TE","",1
"95","E7226","TE","",1
"96","E7227","TE","",1
"97","E7228","TE","",1
"98","E7229","TE","",1
"99","E7230","TE","",1
"100","E7232","TE","",1
"101","E7236","TE","",1
"102","E7237","TE","",1
"103","E7238","TE","",1
"104","E7239","TE","",1
"105","E7240","TE","",1
"106","E7241","TE","",1
"107","E7242","TE","",1
"108","E7243","TE","",1
"109","E7244","TE","",1
"110","E7247","TE","",1
"111","E7250","TE","",1
"112","E7251","TE","",1
"113","E7252","TE","",1
"114","E7253","TE","",1
"115","E7254","TE","",1
"116","E7255","TE","",1
"117","E7256","TE","",1
"118","E7257","TE","",1
"119","E7258","TE","",1
"120","E7259","TE","",1
"121","E7260","TE","",1
"122","E7264","TE","",1
"123","E7265","TE","",1
"124","E7266","TE","",1
"125","E7267","TE","",1
"126","E7268","TE","",1
"127","E7269","TE","",1
"128","E7270","TE","",1
"129","E7271","TE","",1
"130","E7275","TE","",1
"131","E7276","TE","",1
"132","E7282","TE","",1
"133","E7285","TE","",1
"134","E7286","TE","",1
"135","E7288","TE","",1
"136","E7289","TE","",1
"137","E7291","TE","",1
"138","E7292","TE","",1
"139","E7299","TE","",1
"140","E7495","HE","",1
"141","E7496","HE","",1
"142","E7497","HE","",1
"143","E7498","HE","",1
"144","E7499","HE","",1
"145","E7508","HE","",1
"146","E7518","HE","",1
"147","E7519","HE","",1
"148","E7520","HE","",1
"149","E7522","HE","",1
"150","E7552","HE","",1
"151","E7554","HE","",1
"152","E7563","HE","",1
"153","E7564","HE","",1
"154","E7565","HE","",1
"155","E7566","HE","",1
"156","E7567","HE","",1
"157","E7568","HE","",1
"158","E7570","HE","",1
"159","E7571","HE","",1
"160","E7573","HE","",1
"161","E7574","HE","",1
"162","E7575","HE","",1
"163","E7623","HE","",1
"164","E7624","HE","",1
"165","E7626","HE","",1
"166","E7627","HE","",1
"167","E7628","HE","",1
"168","E7629","HE","",1
"169","E7630","HE","",1
"170","E7659","HE","",1
"171","E7670","HE","",1
"172","E7671","HE","",1
"173","E7672","HE","",1
"174","E7675","HE","",1
"175","E7694","HE","",1
"176","E7695","HE","",1
"177","E7696","HE","",1
"178","E7697","HE","",1
"179","E7698","HE","",1
"180","E7699","HE","",1
"181","E7711","HE","",1
"182","E7713","HE","",1
"183","E7717","HE","",1
"184","E7719","HE","",1
"185","E7720","HE","",1
"186","E7722","HE","",1
"187","E7724","HE","",1
"188","E7725","HE","",1
"189","E7742","HE","",1
"190","E7743","HE","",1
"191","E7744","HE","",1
"192","E7746","HE","",1
"193","E7747","HE","",1
"194","E7748","HE","",1
"195","E7749","HE","",1
"196","E7750","HE","",1
"197","E7751","HE","",1
"198","E7752","HE","",1
"199","E7753","HE","",1
"200","E7754","HE","",1
"201","E7755","HE","",1
"202","E7756","HE","",1
"203","E7757","HE","",1
"204","E7758","HE","",1
"205","E7759","HE","",1
"206","E7760","HE","",1
"207","E7761","HE","",1
"208","E7762","HE","",1
"209","E7769","HE","",1
"210","E7770","HE","",1
"211","E7771","HE","",1
"212","E7772","HE","",1
"213","E7773","HE","",1
"214","E7774","HE","",1
"215","E7775","HE","",1
"216","E7776","HE","",1
"217","E7777","HE","",1
"218","E7778","HE","",1
"219","E7779","HE","",1
"220","E7780","HE","",1
"221","E7781","HE","",1
"222","E7782","HE","",1
"223","E7783","HE","",1
"224","E7784","HE","",1
"225","E7785","HE","",1
"226","E7786","HE","",1
"227","E7787","HE","",1
"228","E7789","HE","",1
"229","E7790","HE","",1
"230","E7791","HE","",1
"231","E7792","HE","",1
"232","E7793","HE","",1
"233","E7794","HE","",1
"234","E7795","HE","",1
"235","E7796","HE","",1
"236","E7797","HE","",1
"237","E7801","HE","",1
"238","E7802","HE","",1
"239","E7803","HE","",1
"240","E7804","HE","",1
"241","E7805","HE","",1
"242","E7806","HE","",1
"243","E7807","HE","",1
"244","E7808","HE","",1
"245","E7809","HE","",1
"246","E7810","HE","",1
"247","E7811","HE","",1
"248","E7812","HE","",1
"249","E7813","HE","",1
"250","E7814","HE","",1
"251","E7815","HE","",1
"252","E7816","HE","",1
"253","E7817","HE","",1
"254","E7818","HE","",1
"255","E7819","HE","",1
"256","E7820","HE","",1
"257","E7821","HE","",1
"258","E7822","HE","",1
"259","E7823","HE","",1
"260","E7824","HE","",1
"261","E7826","HE","",1
"262","E7827","HE","",1
"263","E7828","HE","",1
"264","E7852","HE","",1
"265","E7853","HE","",1
"266","E7855","HE","",1
"267","E7856","HE","",1
"268","E7857","HE","",1
"269","E7859","HE","",1
"270","E7860","HE","",1
"271","E7861","HE","",1
"272","E7862","HE","",1
"273","E7863","HE","",1
"274","E7951","HE","",1
"275","E7952","HE","",1
"276","E6035","GE","",1
"277","E6145","GE","",1
"278","E6146","GE","",1
"279","E6186","GE","",1
"280","E6187","GE","",1
"281","E6188","GE","",1
"282","E6189","GE","",1
"283","E6190","GE","",1
"284","E6242","GE","",1
"285","E6244","GE","",1
"286","E6245","GE","",1
"287","E6246","GE","",1
"288","E6247","GE","",1
"289","E6248","GE","",1
"290","E6250","GE","",1
"291","E6255","GE","",1
"292","E6258","GE","",1
"293","E6259","GE","",1
"294","E6271","GE","",1
"295","E6272","GE","",1
"296","E6273","GE","",1
"297","E6274","GE","",1
"298","E6275","GE","",1
"299","E6299","GE","",1
"300","E6307","GE","",1
"301","E6308","GE","",1
"302","E6309","GE","",1
"303","E6310","GE","",1
"304","E6312","GE","",1
"305","E6313","GE","",1
"306","E6314","GE","",1
"307","E6315","GE","",1
"308","E6317","GE","",1
"309","E6318","GE","",1
"310","E6320","GE","",1
"311","E6321","GE","",1
"312","E6322","GE","",1
"313","E6323","GE","",1
"314","E6324","GE","",1
"315","E6325","GE","",1
"316","E6326","GE","",1
"317","E6327","GE","",1
"318","E6329","GE","",1
"319","E6330","GE","",1
"320","E6331","GE","",1
"321","E6332","GE","",1
"322","E6333","GE","",1
"323","E6334","GE","",1
"324","E6335","GE","",1
"325","E6336","GE","",1
"326","E6337","GE","",1
"327","E6338","GE","",1
"328","E6339","GE","",1
"329","E6341","GE","",1
"330","E6343","GE","",1
"331","E6344","GE","",1
"332","E6347","GE","",1
"333","E6348","GE","",1
"334","E6349","GE","",1
"335","E6351","GE","",1
"336","E6352","GE","",1
"337","E6353","GE","",1
"338","E6354","GE","",1
"339","E6358","GE","",1
"340","E6359","GE","",1
"341","E6360","GE","",1
"342","E6361","GE","",1
"343","E6362","GE","",1
"344","E6363","GE","",1
"345","E6364","GE","",1
"346","E6365","GE","",1
"347","E6366","GE","",1
"348","E6367","GE","",1
"349","E6368","GE","",1
"350","E6369","GE","",1
"351","E6370","GE","",1
"352","E6371","GE","",1
"353","E6377","GE","",1
"354","E6378","GE","",1
"355","E6379","GE","",1
"356","E6380","GE","",1
"357","E6381","GE","",1
"358","E6382","GE","",1
"359","E6384","GE","",1
"360","E6385","GE","",1
"361","E6388","GE","",1
"362","E6389","GE","",1
"363","E6390","GE","",1
"364","E6391","GE","",1
"365","E6392","GE","",1
"366","E6393","GE","",1
"367","E6394","GE","",1
"368","E6395","GE","",1
"369","E6396","GE","",1
"370","E6414","GE","",1
"371","E6415","GE","",1
"372","E6416","GE","",1
"373","E6417","GE","",1
"374","E6421","GE","",1
"375","E6422","GE","",1
"376","E6423","GE","",1
"377","E6424","GE","",1
"378","E6425","GE","",1
"379","E6436","GE","",1
"380","E6439","GE","",1
"381","E6440","GE","",1
"382","E6441","GE","",1
"383","E6442","GE","",1
"384","E6443","GE","",1
"385","E6444","GE","",1
"386","E6445","GE","",1
"387","E6446","GE","",1
"388","E6447","GE","",1
"389","E6448","GE","",1
"390","E6449","GE","",1
"391","E6451","GE","",1
"392","E6494","GE","",1
"393","E6495","GE","",1
"394","E6496","GE","",1
"395","E6497","GE","",1
"396","E6498","GE","",1
"397","E6501","GE","",1
"398","E6541","GE","",1
"399","E6542","GE","",1
"400","E6543","GE","",1
"401","E6544","GE","",1
"402","E6545","GE","",1
"403","E6547","GE","",1
"404","E6548","GE","",1
"405","E6549","GE","",1
"406","E6550","GE","",1
"407","E6563","GE","",1
"408","E6575","GE","",1
"409","E7625","HC","",1
"410","H6523","HC","",1
"411","H6524","HC","",1
"412","H6539","HC","",1
"413","H6549","HC","",1
"414","H6555/H6663","HC","",1
"415","H6572","HC","",1
"416","H6601","HC","",1
"417","H6602","HC","",1
"418","H6603","HC","",1
"419","H6604","HC","",1
"420","H6624","HC","",1
"421","H6765","HC","",1
"422","H6787","HC","",1
"423","H6789","HC","",1
"424","H6791","HC","",1
"425","H6792","HC","",1
"426","H6794","HC","",1
"427","H6796","HC","",1
"428","H6797","HC","",1
"429","H6798","HC","",1
"430","H6799","HC","",1
"431","H6800","HC","",1
"432","H6803","HC","",1
"433","H6819","HC","",1
"434","H6821","HC","",1
"435","H6822","HC","",1
"436","H6823","HC","",1
"437","H6825","HC","",1
"438","H6826","HC","",1
"439","H6828","HC","",1
"440","H6841","HC","",1
"441","H6842","HC","",1
"442","H6843","HC","",1
"443","H6844","HC","",1
"444","H6854","HC","",1
"445","H6857","HC","",1
"446","H6860","HC","",1
"447","H6862","HC","",1
"448","H6863","HC","",1
"449","H6864","HC","",1
"450","H6865","HC","",1
"451","H6866","HC","",1
"452","H6868","HC","",1
"453","H6869","HC","",1
"454","H6871","HC","",1
"455","H6872","HC","",1
"456","H6876","HC","",1
"457","H6877","HC","",1
"458","H6878","HC","",1
"459","H6879","HC","",1
"460","H6880","HC","",1
"461","H6881","HC","",1
"462","H6882","HC","",1
"463","H6883","HC","",1
"464","H6884","HC","",1
"465","H6926","HC","",1
"466","H6927","HC","",1
"467","H6928","HC","",1
"468","H6929","HC","",1
"469","H6930","HC","",1
"470","H6931","HC","",1
"471","H6932","HC","",1
"472","H6933","HC","",1
"473","H6934","HC","",1
"474","H6935","HC","",1
"475","H6990","HC","",1
"476","H5924","TC","",1
"477","H6002","TC","",1
"478","H6029","TC","",1
"479","H6061","TC","",1
"480","H6062","TC","",1
"481","H6105","TC","",1
"482","H6106","TC","",1
"483","H6108","TC","",1
"484","H6109","TC","",1
"485","H6110","TC","",1
"486","H6111","TC","",1
"487","H6112","TC","",1
"488","H6113","TC","",1
"489","H6121","TC","",1
"490","H6122","TC","",1
"491","H6123","TC","",1
"492","H6124","TC","",1
"493","H6125","TC","",1
"494","H6136","TC","",1
"495","H6138","TC","",1
"496","H6141","TC","",1
"497","H6142","TC","",1
"498","H6143","TC","",1
"499","H6144","TC","",1
"500","H6145","TC","",1
"501","H6146","TC","",1
"502","H6147","TC","",1
"503","H6148","TC","",1
"504","H6149","TC","",1
"505","H6150","TC","",1
"506","H6157","TC","",1
"507","H6158","TC","",1
"508","H6160","TC","",1
"509","H6168","TC","",1
"510","H6170","TC","",1
"511","H6171","TC","",1
"512","H6172","TC","",1
"513","H6173","TC","",1
"514","H6176","TC","",1
"515","H6177","TC","",1
"516","H6179","TC","",1
"517","H6185","TC","",1
"518","H6188","TC","",1
"519","H6189","TC","",1
"520","H6190","TC","",1
"521","H6191","TC","",1
"522","H6193","TC","",1
"523","H6194","TC","",1
"524","H6195","TC","",1
"525","H6197","TC","",1
"526","H6198","TC","",1
"527","H6199","TC","",1
"528","H6200","TC","",1
"529","H6201","TC","",1
"530","H6202","TC","",1
"531","H6204","TC","",1
"532","H6207","TC","",1
"533","H6208","TC","",1
"534","H6209","TC","",1
"535","H6210","TC","",1
"536","H6215","TC","",1
"537","H6227","TC","",1
"538","H6230","TC","",1
"539","H6236","TC","",1
"540","H6237","TC","",1
"541","H6238","TC","",1
"542","H6239","TC","",1
"543","H6240","TC","",1
"544","H6241","TC","",1
"545","H6242","TC","",1
"546","H6243","TC","",1
"547","H6244","TC","",1
"548","H6251","TC","",1
"549","H6252","TC","",1
"550","H6253","TC","",1
"551","H6254","TC","",1
"552","H6256","TC","",1
"553","H6259","TC","",1
"554","H6261","TC","",1
"555","H6263","TC","",1
"556","H6276","TC","",1
"557","H6277","TC","",1
"558","H6278","TC","",1
"559","H6279","TC","",1
"560","H6281","TC","",1
"561","H6282","TC","",1
"562","H6283","TC","",1
"563","H6284","TC","",1
"564","H6285","TC","",1
"565","H6286","TC","",1
"566","H6287","TC","",1
"567","H6288","TC","",1
"568","H6290","TC","",1
"569","H6291","TC","",1
"570","H6293","TC","",1
"571","H6297","TC","",1
"572","H6298","TC","",1
"573","H6299","TC","",1
"574","H7309","GC","",1
"575","H7369","GC","",1
"576","H7370","GC","",1
"577","H7371","GC","",1
"578","H7374","GC","",1
"579","H7375","GC","",1
"580","H7381","GC","",1
"581","H7400","GC","",1
"582","H7404","GC","",1
"583","H7423","GC","",1
"584","H7424","GC","",1
"585","H7425","GC","",1
"586","H7445","GC","",1
"587","H7446","GC","",1
"588","H7447","GC","",1
"589","H7463","GC","",1
"590","H7464","GC","",1
"591","H7465","GC","",1
"592","H7466","GC","",1
"593","H7467","GC","",1
"594","H7471","GC","",1
"595","H7472","GC","",1
"596","H7473","GC","",1
"597","H7474","GC","",1
"598","H7501","GC","",1
"599","H7502","GC","",1
"600","H7505","GC","",1
"601","H7506","GC","",1
"602","H7507","GC","",1
"603","H7508","GC","",1
"604","H7509","GC","",1
"605","H7511","GC","",1
"606","H7512","GC","",1
"607","H7513","GC","",1
"608","H7514","GC","",1
"609","H7526","GC","",1
"610","H7527","GC","",1
"611","H7531","GC","",1
"612","H7533","GC","",1
"613","H7534","GC","",1
"614","H7535","GC","",1
"615","H7536","GC","",1
"616","H7537","GC","",1
"617","H7538","GC","",1
"618","H7539","GC","",1
"619","H7540","GC","",1
"620","H7541","GC","",1
"621","H7542","GC","",1
"622","H7543","GC","",1
"623","H7551","GC","",1
"624","H7553","GC","",1
"625","H7555","GC","",1
"626","H7556","GC","",1
"627","H7557","GC","",1
"628","H7558","GC","",1
"629","H7559","GC","",1
"630","H7560","GC","",1
"631","H7561","GC","",1
"632","H7562","GC","",1
"633","H7564","GC","",1
"634","H7565","GC","",1
"635","H7576","GC","",1
"636","H7577","GC","",1
"637","H7578","GC","",1
"638","H7579","GC","",1
"639","H7580","GC","",1
"640","H7581","GC","",1
"641","H7582","GC","",1
"642","H7583","GC","",1
"643","H7584","GC","",1
"644","H7590","GC","",1
"645","H7591","GC","",1
"646","H7592","GC","",1
"647","H7593","GC","",1
"648","H7594","GC","",1
"649","H7595","GC","",1
"650","H7596","GC","",1
"651","H7597","GC","",1
"652","H7598","GC","",1
"653","H7599","GC","",1
"654","H7600","GC","",1
"655","H7601","GC","",1
"656","H7602","GC","",1
"657","H7603","GC","",1
"658","H7605","GC","",1
"659","H7607","GC","",1
"660","H7608","GC","",1
"661","H7609","GC","",1
"662","H7610","GC","",1
"663","H7611","GC","",1
"664","H7612","GC","",1
"665","H7613","GC","",1
"666","H7615","GC","",1
"667","H7616","GC","",1
"668","H7617","GC","",1
"669","H7618","GC","",1
"670","H7619","GC","",1
"671","H7620","GC","",1
"672","H7621","GC","",1
"673","H7623","GC","",1
"674","H7624","GC","",1
"675","H7625","GC","",1
"676","H7626","GC","",1
"677","H7627","GC","",1
"678","H7628","GC","",1
"679","H7629","GC","",1
"680","H7630","GC","",1
"681","H7631","GC","",1
"682","H7632","GC","",1
"683","H7634","GC","",1
"684","H7676","GC","",1
"685","H7677","GC","",1
"686","H7678","GC","",1
"687","H7679","GC","",1
"688","H7680","GC","",1
"689","H7681","GC","",1
"690","H7682","GC","",1
"691","H7683","GC","",1
"692","H7684","GC","",1
"693","HH7529","GC","",1
"694","E4698","TE","V",4
"695","E6722","TE","V",4
"696","E6725","TE","V",4
"697","E6747","TE","V",4
"698","E6797","TE","V",4
"699","E6801","TE","V",4
"700","E6805","TE","V",3
"701","E6807","TE","V",4
"702","E6808","TE","V",4
"703","E6821","TE","V",2
"704","E6825","TE","V",4
"705","E6828","TE","V",2
"706","E6833","TE","V",4
"707","E6835","TE","V",2
"708","E6837","TE","V",4
"709","E6844","TE","V",4
"710","E6849","TE","V",4
"711","E6850","TE","V",4
"712","E6853","TE","V",4
"713","E6854","TE","V",2
"714","E6858","TE","V",2
"715","E6859","TE","V",3
"716","E6860","TE","V",3
"717","E6862","TE","V",2
"718","E6863","TE","V",2
"719","E6865","TE","V",3
"720","E6874","TE","V",4
"721","E6893","TE","V",4
"722","E6902","TE","V",2
"723","E6909","TE","V",4
"724","E6913","TE","V",4
"725","E6914","TE","V",2
"726","E6915","TE","V",2
"727","E6922","TE","V",2
"728","E6923","TE","V",2
"729","E6924","TE","V",3
"730","E6925","TE","V",2
"731","E6932","TE","V",4
"732","E6938","TE","V",4
"733","E6939","TE","V",2
"734","E6941","TE","V",4
"735","E6943","TE","V",4
"736","E6944","TE","V",2
"737","E6951","TE","V",4
"738","E6952","TE","V",4
"739","E6953","TE","V",4
"740","E6954","TE","V",3
"741","E6955","TE","V",4
"742","E6956","TE","V",3
"743","E6957","TE","V",2
"744","E6960","TE","V",2
"745","E6962","TE","V",4
"746","E6975","TE","V",4
"747","E6982","TE","V",3
"748","E6982/E6981","TE","V",2
"749","E6983","TE","V",3
"750","E6984","TE","V",3
"751","E6985","TE","V",2
"752","E6986","TE","V",4
"753","E6992","TE","V",4
"754","E6993","TE","V",2
"755","E6995","TE","V",4
"756","E6997","TE","V",2
"757","E7001","TE","V",2
"758","E7002","TE","V",4
"759","E7003","TE","V",2
"760","E7013","TE","V",2
"761","E7014","TE","V",4
"762","E7016","TE","V",3
"763","E7017","TE","V",2
"764","E7019","TE","V",2
"765","E7020","TE","V",2
"766","E7021","TE","V",2
"767","E7022","TE","V",4
"768","E7023","TE","V",3
"769","E7025","TE","V",4
"770","E7026","TE","V",4
"771","E7034","TE","V",3
"772","E7039","TE","V",3
"773","E7040","TE","V",3
"774","E7041","TE","V",2
"775","E7042","TE","V",3
"776","E7043","TE","V",3
"777","E7044","TE","V",2
"778","E7044/E7000","TE","V",3
"779","E7046","TE","V",2
"780","E7047","TE","V",3
"781","E7049","TE","V",3
"782","E7050","TE","V",2
"783","E7052","TE","V",4
"784","E7053","TE","V",2
"785","E7054","TE","V",4
"786","E7055","TE","V",2
"787","E7058","TE","V",4
"788","E7059","TE","V",2
"789","E7061","TE","V",2
"790","E7062","TE","V",2
"791","E7063","TE","V",4
"792","E7068","TE","V",2
"793","E7069","TE","V",4
"794","E7071","TE","V",4
"795","E7072","TE","V",2
"796","E7073","TE","V",2
"797","E7074","TE","V",2
"798","E7078","TE","V",4
"799","E7079","TE","V",2
"800","E7082","TE","V",4
"801","E7093","TE","V",2
"802","E7096","TE","V",3
"803","E7097","TE","V",4
"804","E7100","TE","V",2
"805","E7103","TE","V",2
"806","E7110","TE","V",2
"807","E7111","TE","V",2
"808","E7112","TE","V",3
"809","E7115","TE","V",2
"810","E7117","TE","V",4
"811","E7118","TE","V",4
"812","E7119","TE","V",3
"813","E7120","TE","V",2
"814","E7121","TE","V",2
"815","E7122","TE","V",4
"816","E7123","TE","V",3
"817","E7124","TE","V",2
"818","E7125","TE","V",2
"819","E7130","TE","V",4
"820","E7132","TE","V",4
"821","E7133","TE","V",2
"822","E7134","TE","V",2
"823","E7137","TE","V",2
"824","E7139","TE","V",2
"825","E7140","TE","V",2
"826","E7143","TE","V",2
"827","E7144","TE","V",3
"828","E7145","TE","V",4
"829","E7149","TE","V",2
"830","E7150","TE","V",3
"831","E7152","TE","V",2
"832","E7154","TE","V",4
"833","E7155","TE","V",2
"834","E7160","TE","V",4
"835","E7161","TE","V",3
"836","E7162","TE","V",4
"837","E7163","TE","V",4
"838","E7164","TE","V",2
"839","E7172","TE","V",2
"840","E7193","TE","V",2
"841","E7194","TE","V",4
"842","E7197","TE","V",3
"843","E7198","TE","V",3
"844","E7199","TE","V",2
"845","E7200","TE","V",2
"846","E7201","TE","V",2
"847","E7202","TE","V",2
"848","E7203","TE","V",3
"849","E7261","TE","V",2
"850","E7262","TE","V",3
"851","E7263","TE","V",2
"852","E7293","TE","V",2
"853","E7294","TE","V",2
"854","E7296","TE","V",2
"855","E7297","TE","V",2
"856","E7298","TE","V",2
"857","E7299","TE","V",4
"858","E7300","TE","V",2
"859","H6064","TE","V",3
"860","E5362","HE","V",3
"861","E5379","HE","V",2
"862","E7303","HE","V",2
"863","E7322","HE","V",2
"864","E7323","HE","V",4
"865","E7324","HE","V",2
"866","E7329","HE","V",4
"867","E7334","HE","V",3
"868","E7338","HE","V",4
"869","E7370","HE","V",4
"870","E7402","HE","V",4
"871","E7407/E7415","HE","V",4
"872","E7418","HE","V",4
"873","E7419","HE","V",4
"874","E7420","HE","V",4
"875","E7421","HE","V",4
"876","E7443","HE","V",3
"877","E7447","HE","V",4
"878","E7455","HE","V",2
"879","E7456","HE","V",4
"880","E7460","HE","V",2
"881","E7461","HE","V",4
"882","E7464","HE","V",4
"883","E7480","HE","V",3
"884","E7483","HE","V",2
"885","E7485","HE","V",4
"886","E7486","HE","V",4
"887","E7488","HE","V",2
"888","E7489","HE","V",2
"889","E7491","HE","V",4
"890","E7492","HE","V",4
"891","E7493","HE","V",2
"892","E7494","HE","V",2
"893","E7501","HE","V",4
"894","E7502","HE","V",4
"895","E7503","HE","V",2
"896","E7506","HE","V",2
"897","E7508","HE","V",2
"898","E7509","HE","V",4
"899","E7510","HE","V",4
"900","E7511","HE","V",2
"901","E7512","HE","V",2
"902","E7513","HE","V",2
"903","E7514","HE","V",4
"904","E7523","HE","V",2
"905","E7524","HE","V",3
"906","E7525","HE","V",2
"907","E7526","HE","V",2
"908","E7529","HE","V",2
"909","E7530","HE","V",4
"910","E7531","HE","V",4
"911","E7532","HE","V",2
"912","E7533","HE","V",3
"913","E7534","HE","V",3
"914","E7535","HE","V",3
"915","E7536","HE","V",4
"916","E7537","HE","V",2
"917","E7538","HE","V",4
"918","E7539","HE","V",2
"919","E7540","HE","V",2
"920","E7541","HE","V",2
"921","E7542","HE","V",2
"922","E7543","HE","V",4
"923","E7544","HE","V",4
"924","E7545","HE","V",4
"925","E7548","HE","V",2
"926","E7552","HE","V",2
"927","E7553","HE","V",2
"928","E7554","HE","V",2
"929","E7556","HE","V",4
"930","E7559","HE","V",4
"931","E7560","HE","V",2
"932","E7561","HE","V",2
"933","E7562","HE","V",4
"934","E7566","HE","V",2
"935","E7576","HE","V",2
"936","E7579","HE","V",2
"937","E7580","HE","V",4
"938","E7582","HE","V",2
"939","E7592","HE","V",3
"940","E7593","HE","V",3
"941","E7594","HE","V",4
"942","E7596","HE","V",2
"943","E7597","HE","V",4
"944","E7598","HE","V",2
"945","E7601","HE","V",4
"946","E7602","HE","V",3
"947","E7603","HE","V",3
"948","E7604","HE","V",3
"949","E7605","HE","V",3
"950","E7606","HE","V",2
"951","E7607","HE","V",2
"952","E7610","HE","V",3
"953","E7617","HE","V",3
"954","E7619","HE","V",4
"955","E7620","HE","V",3
"956","E7621","HE","V",3
"957","E7622","HE","V",4
"958","E7631","HE","V",4
"959","E7632","HE","V",2
"960","E7633","HE","V",4
"961","E7634","HE","V",4
"962","E7635","HE","V",2
"963","E7636","HE","V",2
"964","E7637","HE","V",4
"965","E7641","HE","V",4
"966","E7642","HE","V",3
"967","E7643","HE","V",4
"968","E7644","HE","V",3
"969","E7646","HE","V",2
"970","E7647","HE","V",2
"971","E7648","HE","V",2
"972","E7649","HE","V",2
"973","E7650","HE","V",4
"974","E7652","HE","V",4
"975","E7653","HE","V",4
"976","E7654","HE","V",3
"977","E7655","HE","V",2
"978","E7656","HE","V",3
"979","E7657","HE","V",3
"980","E7658","HE","V",2
"981","E7664","HE","V",4
"982","E7667","HE","V",4
"983","E7668","HE","V",2
"984","E7673","HE","V",2
"985","E7674","HE","V",2
"986","E7676","HE","V",3
"987","E7677","HE","V",4
"988","E7678","HE","V",4
"989","E7679","HE","V",4
"990","E7680","HE","V",2
"991","E7681","HE","V",4
"992","E7684","HE","V",2
"993","E7685","HE","V",3
"994","E7686","HE","V",4
"995","E7687","HE","V",4
"996","E7688","HE","V",2
"997","E7689","HE","V",4
"998","E7691","HE","V",3
"999","E7692","HE","V",4
"1000","E7701","HE","V",4
"1001","E7702","HE","V",2
"1002","E7703","HE","V",2
"1003","E7705","HE","V",4
"1004","E7706","HE","V",4
"1005","E7707","HE","V",2
"1006","E7708","HE","V",4
"1007","E7709","HE","V",4
"1008","E7710","HE","V",3
"1009","E7726","HE","V",2
"1010","E7727","HE","V",4
"1011","E7728","HE","V",3
"1012","E7729","HE","V",4
"1013","E7731","HE","V",4
"1014","E7732","HE","V",4
"1015","E7733","HE","V",4
"1016","E7734","HE","V",3
"1017","E7735","HE","V",2
"1018","E7736","HE","V",2
"1019","E7737","HE","V",2
"1020","E7738","HE","V",4
"1021","E7739","HE","V",2
"1022","E7740","HE","V",2
"1023","E7741","HE","V",2
"1024","E7798","HE","V",2
"1025","E7799","HE","V",4
"1026","E7800","HE","V",3
"1027","E6019","GE","V",5
"1028","E6033","GE","V",4
"1029","E6035","GE","V",4
"1030","E6043","GE","V",3
"1031","E6044","GE","V",4
"1032","E6063","GE","V",4
"1033","E6091","GE","V",4
"1034","E6113","GE","V",4
"1035","E6124","GE","V",4
"1036","E6144","GE","V",4
"1037","E6164","GE","V",3
"1038","E6180","GE","V",4
"1039","E6208","GE","V",4
"1040","E6211","GE","V",3
"1041","E6214","GE","V",4
"1042","E6223","GE","V",2
"1043","E6231","GE","V",2
"1044","E6234","GE","V",3
"1045","E6235","GE","V",2
"1046","E6236","GE","V",4
"1047","E6237","GE","V",4
"1048","E6238","GE","V",2
"1049","E6239","GE","V",2
"1050","E6240","GE","V",2
"1051","E6241","GE","V",2
"1052","E6251","GE","V",4
"1053","E6261","GE","V",4
"1054","E6269","GE","V",4
"1055","E6285","GE","V",2
"1056","E6288","GE","V",4
"1057","E6289","GE","V",2
"1058","E6299","GE","V",4
"1059","E6301","GE","V",3
"1060","E6304","GE","V",4
"1061","E6305","GE","V",4
"1062","E6306","GE","V",3
"1063","E6311","GE","V",2
"1064","E6350","GE","V",2
"1065","E6401","GE","V",2
"1066","E6402","GE","V",4
"1067","E6403","GE","V",2
"1068","E6404","GE","V",2
"1069","E6405","GE","V",2
"1070","E6406","GE","V",2
"1071","E6407/E6302","GE","V",3
"1072","E6408","GE","V",3
"1073","E6409","GE","V",4
"1074","E6410","GE","V",2
"1075","E6412","GE","V",4
"1076","E6413","GE","V",2
"1077","E6426","GE","V",4
"1078","E6427","GE","V",2
"1079","E6428","GE","V",4
"1080","E6431","GE","V",3
"1081","E6432","GE","V",3
"1082","E6433","GE","V",2
"1083","E6434","GE","V",2
"1084","E6453","GE","V",3
"1085","E6454","GE","V",4
"1086","E6455","GE","V",2
"1087","E6456","GE","V",4
"1088","E6459","GE","V",4
"1089","E6460","GE","V",4
"1090","E6461","GE","V",2
"1091","E6462","GE","V",4
"1092","E6463","GE","V",4
"1093","E6464","GE","V",2
"1094","E6467","GE","V",4
"1095","E6468","GE","V",2
"1096","E6469","GE","V",3
"1097","E6471","GE","V",2
"1098","E6472","GE","V",4
"1099","E6473","GE","V",2
"1100","E6475","GE","V",2
"1101","E6476","GE","V",4
"1102","E6477","GE","V",2
"1103","E6478","GE","V",2
"1104","E6480","GE","V",4
"1105","E6482","GE","V",2
"1106","E6483","GE","V",4
"1107","E6484","GE","V",2
"1108","E6485","GE","V",2
"1109","E6487","GE","V",2
"1110","E6503","GE","V",2
"1111","E6504","GE","V",4
"1112","E6505","GE","V",3
"1113","E6506","GE","V",2
"1114","E6511","GE","V",3
"1115","E6514","GE","V",2
"1116","E6515","GE","V",3
"1117","E6517","GE","V",2
"1118","E6521","GE","V",2
"1119","E6527","GE","V",4
"1120","E6528","GE","V",4
"1121","E6529","GE","V",2
"1122","E6533","GE","V",2
"1123","E6534","GE","V",2
"1124","E6536","GE","V",3
"1125","E6537","GE","V",2
"1126","E6538","GE","V",2
"1127","E6539","GE","V",2
"1128","E6540","GE","V",3
"1129","E6553","GE","V",4
"1130","E6554","GE","V",3
"1131","E6555","GE","V",2
"1132","E6556","GE","V",4
"1133","E6557","GE","V",2
"1134","E6558","GE","V",2
"1135","E6563","GE","V",3
"1136","E6564","GE","V",2
"1137","E6565","GE","V",2
"1138","E6566","GE","V",2
"1139","E6567","GE","V",3
"1140","E6569","GE","V",4
"1141","E6570","GE","V",2
"1142","E6572","GE","V",3
"1143","E6573","GE","V",2
"1144","E6576","GE","V",4
"1145","E6577","GE","V",2
"1146","E6578","GE","V",3
"1147","E6579","GE","V",2
"1148","E6581","GE","V",3
"1149","E6583","GE","V",4
"1150","E6586","GE","V",2
"1151","E6587","GE","V",2
"1152","E6588","GE","V",2
"1153","E6589","GE","V",2
"1154","E6597","GE","V",2
"1155","E6598","GE","V",4
"1156","H5259","HC","S",4
"1157","H5327","HC","S",4
"1158","H5333","HC","S",2
"1159","H5335","HC","S",4
"1160","H5352","HC","S",4
"1161","H5394","HC","S",4
"1162","H5399","HC","S",4
"1163","H6405","HC","S",4
"1164","H6406","HC","S",5
"1165","H6411","HC","S",3
"1166","H6414","HC","S",2
"1167","H6417","HC","S",2
"1168","H6419","HC","S",4
"1169","H6437","HC","S",4
"1170","H6438","HC","S",4
"1171","H6439","HC","S",4
"1172","H6445","HC","S",2
"1173","H6448","HC","S",4
"1174","H6449","HC","S",4
"1175","H6483","HC","S",4
"1176","H6491","HC","S",4
"1177","H6497","HC","S",2
"1178","H6499","HC","S",4
"1179","H6500","HC","S",2
"1180","H6502","HC","S",4
"1181","H6504","HC","S",2
"1182","H6505","HC","S",2
"1183","H6506","HC","S",4
"1184","H6507","HC","S",5
"1185","H6510","HC","S",4
"1186","H6513","HC","S",4
"1187","H6514","HC","S",4
"1188","H6515","HC","S",4
"1189","H6516","HC","S",2
"1190","H6517","HC","S",4
"1191","H6520","HC","S",3
"1192","H6521","HC","S",4
"1193","H6523","HC","S",3
"1194","H6525","HC","S",2
"1195","H6528","HC","S",4
"1196","H6529","HC","S",3
"1197","H6531","HC","S",4
"1198","H6532","HC","S",4
"1199","H6534","HC","S",4
"1200","H6535","HC","S",4
"1201","H6536","HC","S",4
"1202","H6537","HC","S",2
"1203","H6538","HC","S",4
"1204","H6539","HC","S",4
"1205","H6540","HC","S",2
"1206","H6541","HC","S",4
"1207","H6547","HC","S",4
"1208","H6548","HC","S",3
"1209","H6549","HC","S",2
"1210","H6551","HC","S",3
"1211","H6552","HC","S",4
"1212","H6555/H6663","HC","S",3
"1213","H6556","HC","S",2
"1214","H6557","HC","S",4
"1215","H6562","HC","S",4
"1216","H6565","HC","S",4
"1217","H6572","HC","S",4
"1218","H6573","HC","S",4
"1219","H6577","HC","S",2
"1220","H6581","HC","S",5
"1221","H6585","HC","S",4
"1222","H6588","HC","S",4
"1223","H6594","HC","S",4
"1224","H6605","HC","S",4
"1225","H6607","HC","S",2
"1226","H6610","HC","S",4
"1227","H6611","HC","S",4
"1228","H6613","HC","S",2
"1229","H6614","HC","S",2
"1230","H6615","HC","S",4
"1231","H6616","HC","S",2
"1232","H6617","HC","S",4
"1233","H6618","HC","S",2
"1234","H6619","HC","S",2
"1235","H6620","HC","S",2
"1236","H6621","HC","S",2
"1237","H6622","HC","S",2
"1238","H6623","HC","S",2
"1239","H6624","HC","S",2
"1240","H6626","HC","S",4
"1241","H6627","HC","S",2
"1242","H6628","HC","S",2
"1243","H6629","HC","S",4
"1244","H6630","HC","S",2
"1245","H6631","HC","S",2
"1246","H6632","HC","S",2
"1247","H6633","HC","S",2
"1248","H6634","HC","S",3
"1249","H6635","HC","S",5
"1250","H6636","HC","S",4
"1251","H6637","HC","S",2
"1252","H6639","HC","S",4
"1253","H6641","HC","S",3
"1254","H6642","HC","S",2
"1255","H6643","HC","S",4
"1256","H6646","HC","S",2
"1257","H6648","HC","S",2
"1258","H6649","HC","S",3
"1259","H6650","HC","S",4
"1260","H6654","HC","S",4
"1261","H6655","HC","S",2
"1262","H6656","HC","S",3
"1263","H6657","HC","S",2
"1264","H6658","HC","S",2
"1265","H6661","HC","S",2
"1266","H6662","HC","S",2
"1267","H6664","HC","S",2
"1268","H6665","HC","S",2
"1269","H6666","HC","S",2
"1270","H6668","HC","S",2
"1271","H6669","HC","S",2
"1272","H6670","HC","S",2
"1273","H6671","HC","S",3
"1274","H6672","HC","S",2
"1275","H6673","HC","S",2
"1276","H6674","HC","S",4
"1277","H6675","HC","S",4
"1278","H6679","HC","S",3
"1279","H6684","HC","S",4
"1280","H6685","HC","S",3
"1281","H6686","HC","S",2
"1282","H6687","HC","S",4
"1283","H6693","HC","S",2
"1284","H6694","HC","S",2
"1285","H6695","HC","S",4
"1286","H6696","HC","S",4
"1287","H6697","HC","S",2
"1288","H6698","HC","S",2
"1289","H6699","HC","S",2
"1290","H6700","HC","S",2
"1291","H6701","HC","S",4
"1292","H6702","HC","S",3
"1293","H6704","HC","S",4
"1294","H6705","HC","S",2
"1295","H6706","HC","S",4
"1296","H6707","HC","S",4
"1297","H6708","HC","S",2
"1298","H6709/E7613","HC","S",2
"1299","H6710/E7614","HC","S",2
"1300","H6711/E7612","HC","S",2
"1301","H6712","HC","S",2
"1302","H6713","HC","S",3
"1303","H6714","HC","S",4
"1304","H6716","HC","S",4
"1305","H6717","HC","S",4
"1306","H6718","HC","S",2
"1307","H6719","HC","S",4
"1308","H6720","HC","S",3
"1309","H6721","HC","S",2
"1310","H6722","HC","S",2
"1311","H6723","HC","S",2
"1312","H6725","HC","S",3
"1313","H6726","HC","S",4
"1314","H6727","HC","S",2
"1315","H6728","HC","S",4
"1316","H6729","HC","S",2
"1317","H6730","HC","S",3
"1318","H6731","HC","S",3
"1319","H6732","HC","S",3
"1320","H6734","HC","S",4
"1321","H6735","HC","S",4
"1322","H6736","HC","S",4
"1323","H6739","HC","S",4
"1324","H6740","HC","S",2
"1325","H6742","HC","S",2
"1326","H6744","HC","S",2
"1327","H6745","HC","S",2
"1328","H6747","HC","S",4
"1329","H6749","HC","S",3
"1330","H6751","HC","S",2
"1331","H6752","HC","S",2
"1332","H6753","HC","S",2
"1333","H6754","HC","S",4
"1334","H6755","HC","S",5
"1335","H6756","HC","S",2
"1336","H6757","HC","S",2
"1337","H6759","HC","S",2
"1338","H6760","HC","S",2
"1339","H6762","HC","S",2
"1340","H6763","HC","S",2
"1341","H6764","HC","S",2
"1342","H6765","HC","S",4
"1343","H6766","HC","S",4
"1344","H6767","HC","S",4
"1345","H6768","HC","S",2
"1346","H6769","HC","S",2
"1347","H6773","HC","S",3
"1348","H6774","HC","S",4
"1349","H6777","HC","S",4
"1350","H6778","HC","S",2
"1351","H6779","HC","S",4
"1352","H6780","HC","S",2
"1353","H6781","HC","S",2
"1354","H6782","HC","S",4
"1355","H6783","HC","S",4
"1356","H6784","HC","S",4
"1357","H6785","HC","S",2
"1358","H6786","HC","S",2
"1359","H6801","HC","S",3
"1360","H6802","HC","S",2
"1361","H6804","HC","S",4
"1362","H6805","HC","S",4
"1363","H6806","HC","S",2
"1364","H6807","HC","S",2
"1365","H6808","HC","S",3
"1366","H6809","HC","S",4
"1367","H6810","HC","S",2
"1368","H6811","HC","S",2
"1369","H6813","HC","S",3
"1370","H6814","HC","S",2
"1371","H6815","HC","S",4
"1372","H6817","HC","S",2
"1373","H6818","HC","S",2
"1374","H6838","HC","S",2
"1375","H6839","HC","S",2
"1376","H6840","HC","S",4
"1377","H6851/H6812","HC","S",2
"1378","H6852","HC","S",3
"1379","H6853","HC","S",2
"1380","H6064","TC","S",3
"1381","H5436","TC","S",4
"1382","H5750","TC","S",2
"1383","H5765","TC","S",2
"1384","H5773","TC","S",4
"1385","H5774","TC","S",4
"1386","H5775","TC","S",4
"1387","H5778","TC","S",4
"1388","H5787","TC","S",4
"1389","H5790","TC","S",4
"1390","H5801","TC","S",4
"1391","H5803","TC","S",3
"1392","H5812","TC","S",3
"1393","H5815","TC","S",2
"1394","H5822","TC","S",4
"1395","H5823","TC","S",4
"1396","H5838","TC","S",4
"1397","H5854","TC","S",4
"1398","H5861","TC","S",3
"1399","H5868","TC","S",4
"1400","H5869","TC","S",4
"1401","H5871","TC","S",2
"1402","H5874","TC","S",2
"1403","H5875","TC","S",4
"1404","H5879","TC","S",4
"1405","H5901","TC","S",4
"1406","H5902","TC","S",3
"1407","H5904","TC","S",3
"1408","H5908","TC","S",4
"1409","H5909","TC","S",2
"1410","H5910","TC","S",2
"1411","H5911","TC","S",2
"1412","H5912","TC","S",2
"1413","H5913","TC","S",2
"1414","H5915","TC","S",3
"1415","H5916","TC","S",2
"1416","H5918","TC","S",2
"1417","H5919","TC","S",4
"1418","H5920","TC","S",4
"1419","H5921","TC","S",2
"1420","H5934","TC","S",4
"1421","H5935","TC","S",3
"1422","H5937","TC","S",2
"1423","H5938","TC","S",2
"1424","H5939","TC","S",4
"1425","H5940","TC","S",2
"1426","H5941","TC","S",2
"1427","H5942","TC","S",2
"1428","H5943","TC","S",2
"1429","H5944","TC","S",4
"1430","H5945","TC","S",2
"1431","H5947","TC","S",4
"1432","H5948","TC","S",4
"1433","H5955","TC","S",3
"1434","H5978","TC","S",4
"1435","H5979","TC","S",4
"1436","H5980","TC","S",4
"1437","H5981","TC","S",2
"1438","H5982","TC","S",4
"1439","H5993","TC","S",3
"1440","H5995","TC","S",4
"1441","H6001","TC","S",2
"1442","H6002","TC","S",2
"1443","H6004","TC","S",3
"1444","H6005","TC","S",4
"1445","H6007","TC","S",2
"1446","H6008","TC","S",2
"1447","H6009","TC","S",3
"1448","H6011","TC","S",2
"1449","H6012","TC","S",2
"1450","H6013","TC","S",4
"1451","H6014","TC","S",2
"1452","H6015","TC","S",4
"1453","H6016","TC","S",2
"1454","H6017","TC","S",4
"1455","H6018","TC","S",4
"1456","H6019","TC","S",2
"1457","H6020","TC","S",4
"1458","H6021","TC","S",2
"1459","H6022","TC","S",3
"1460","H6024","TC","S",3
"1461","H6025","TC","S",2
"1462","H6026","TC","S",4
"1463","H6027","TC","S",2
"1464","H6029","TC","S",2
"1465","H6031","TC","S",4
"1466","H6034","TC","S",2
"1467","H6035","TC","S",3
"1468","H6037","TC","S",4
"1469","H6040","TC","S",4
"1470","H6044","TC","S",4
"1471","H6045","TC","S",2
"1472","H6049","TC","S",2
"1473","H6050","TC","S",2
"1474","H6051","TC","S",3
"1475","H6058","TC","S",4
"1476","H6060","TC","S",2
"1477","H6061","TC","S",2
"1478","H6062","TC","S",2
"1479","H6063","TC","S",4
"1480","H6067","TC","S",4
"1481","H6069","TC","S",4
"1482","H6071","TC","S",3
"1483","H6073","TC","S",4
"1484","H6074","TC","S",4
"1485","H6075","TC","S",2
"1486","H6077","TC","S",4
"1487","H6078","TC","S",4
"1488","H6079","TC","S",4
"1489","H6081","TC","S",2
"1490","H6084","TC","S",3
"1491","H6086","TC","S",2
"1492","H6087","TC","S",2
"1493","H6088","TC","S",3
"1494","H6089","TC","S",4
"1495","H6090","TC","S",2
"1496","H6091","TC","S",2
"1497","H6095","TC","S",2
"1498","H6096","TC","S",2
"1499","H6097","TC","S",4
"1500","H6098","TC","S",2
"1501","H6099","TC","S",2
"1502","H6100","TC","S",2
"1503","H6102","TC","S",3
"1504","H6103","TC","S",3
"1505","H6104","TC","S",2
"1506","H6114","TC","S",2
"1507","H6115","TC","S",3
"1508","H6116","TC","S",2
"1509","H6117","TC","S",2
"1510","H6118","TC","S",4
"1511","H6119","TC","S",2
"1512","H6120","TC","S",2
"1513","H6126","TC","S",4
"1514","H6127","TC","S",2
"1515","H6128","TC","S",4
"1516","H6129","TC","S",4
"1517","H6130","TC","S",3
"1518","H6133","TC","S",2
"1519","H6134","TC","S",3
"1520","H6135","TC","S",2
"1521","H6151","TC","S",2
"1522","H6152","TC","S",2
"1523","H6153","TC","S",3
"1524","H6164","TC","S",2
"1525","H6165","TC","S",2
"1526","H6166","TC","S",2
"1527","H6167","TC","S",2
"1528","H6169","TC","S",2
"1529","H6186","TC","S",2
"1530","H6187","TC","S",2
"1531","H4636","GC","S",2
"1532","H4652","GC","S",3
"1533","H4654","GC","S",2
"1534","H4662","GC","S",4
"1535","H4667","GC","S",4
"1536","H4696","GC","S",2
"1537","H5946","GC","S",2
"1538","H7117","GC","S",4
"1539","H7140","GC","S",3
"1540","H7155/H7331","GC","S",2
"1541","H7158","GC","S",4
"1542","H7176","GC","S",5
"1543","H7181","GC","S",3
"1544","H7196","GC","S",4
"1545","H7203","GC","S",2
"1546","H7204","GC","S",2
"1547","H7205","GC","S",4
"1548","H7225","GC","S",4
"1549","H7229","GC","S",3
"1550","H7230","GC","S",4
"1551","H7231","GC","S",4
"1552","H7232","GC","S",2
"1553","H7233","GC","S",4
"1554","H7237","GC","S",2
"1555","H7238","GC","S",2
"1556","H7239","GC","S",4
"1557","H7244","GC","S",3
"1558","H7251","GC","S",2
"1559","H7252","GC","S",4
"1560","H7253","GC","S",4
"1561","H7255","GC","S",4
"1562","H7256","GC","S",2
"1563","H7257","GC","S",2
"1564","H7258","GC","S",2
"1565","H7259","GC","S",2
"1566","H7260","GC","S",4
"1567","H7266","GC","S",3
"1568","H7273","GC","S",4
"1569","H7280","GC","S",2
"1570","H7294","GC","S",4
"1571","H7306","GC","S",2
"1572","H7310","GC","S",2
"1573","H7312","GC","S",2
"1574","H7313","GC","S",2
"1575","H7315","GC","S",3
"1576","H7317","GC","S",4
"1577","H7319","GC","S",4
"1578","H7320","GC","S",2
"1579","H7325","GC","S",3
"1580","H7331/H7155","GC","S",3
"1581","H7333","GC","S",2
"1582","H7334","GC","S",2
"1583","H7335","GC","S",2
"1584","H7336","GC","S",4
"1585","H7338","GC","S",4
"1586","H7341","GC","S",3
"1587","H7346","GC","S",4
"1588","H7347","GC","S",3
"1589","H7350","GC","S",2
"1590","H7353","GC","S",3
"1591","H7355","GC","S",4
"1592","H7357","GC","S",4
"1593","H7360","GC","S",2
"1594","H7361","GC","S",2
"1595","H7362","GC","S",3
"1596","H7363","GC","S",2
"1597","H7364","GC","S",4
"1598","H7365","GC","S",4
"1599","H7366","GC","S",4
"1600","H7376","GC","S",4
"1601","H7379","GC","S",4
"1602","H7380","GC","S",4
"1603","H7381","GC","S",4
"1604","H7384","GC","S",2
"1605","H7386","GC","S",4
"1606","H7389","GC","S",3
"1607","H7390","GC","S",2
"1608","H7395","GC","S",2
"1609","H7397","GC","S",2
"1610","H7399","GC","S",4
"1611","H7401","GC","S",2
"1612","H7402","GC","S",2
"1613","H7403","GC","S",3
"1614","H7404","GC","S",4
"1615","H7405","GC","S",2
"1616","H7406","GC","S",2
"1617","H7408","GC","S",4
"1618","H7412","GC","S",4
"1619","H7413","GC","S",2
"1620","H7415","GC","S",2
"1621","H7416","GC","S",2
"1622","H7418","GC","S",3
"1623","H7419","GC","S",2
"1624","H7420","GC","S",4
"1625","H7421","GC","S",2
"1626","H7422","GC","S",3
"1627","H7427","GC","S",4
"1628","H7432","GC","S",3
"1629","H7435","GC","S",3
"1630","H7437","GC","S",4
"1631","H7438","GC","S",2
"1632","H7439","GC","S",4
"1633","H7440","GC","S",3
"1634","H7441","GC","S",2
"1635","H7442","GC","S",3
"1636","H7451","GC","S",3
"1637","H7452","GC","S",3
"1638","H7455","GC","S",2
"1639","H7459","GC","S",2
"1640","H7460","GC","S",4
"1641","H7461","GC","S",4
"1642","H7462","GC","S",2
"1643","H7479","GC","S",3
"1644","H7486","GC","S",4
"1645","H7487","GC","S",4
"1646","H7491","GC","S",4
"1647","H7492","GC","S",4
"1648","H7495","GC","S",2
"1649","H7496","GC","S",3
"1650","H7498","GC","S",2
"1651","H7499","GC","S",2
"1652","H7552","GC","S",2
